component_name,phrase,reps,phrase_component_tickets,phrase_len,reps_total,phrase_tickets,iam_users_count,tickets_per_component,importance,precision,recall,f1,row
string,string,int64,int64,int32,int64,int64,int64,int64,double,double,double,double,int32
UI,работать калькулятор,6,5,2,9,5,5,998,0.6666666666666666,1,0.00501002004008016,0.009970089730807576,2
UI,вёрстка,14,9,1,23,9,9,998,0.6086956521739131,1,0.009018036072144289,0.017874875868917575,1
api,compute api cloud,15,12,3,31,17,14,248,0.4838709677419355,0.7058823529411765,0.04838709677419355,0.09056603773584906,1
api-gateway,домен api,13,10,2,23,12,9,80,0.5652173913043478,0.8333333333333334,0.125,0.21739130434782608,2
api-gateway,docs api gateway,6,5,3,10,6,6,80,0.6,0.8333333333333334,0.0625,0.11627906976744186,3
api-gateway,apigateway,19,14,1,35,19,13,80,0.5428571428571428,0.7368421052631579,0.175,0.2828282828282828,1
app balancer,alb,12,7,1,15,9,9,40,0.8,0.7777777777777778,0.175,0.2857142857142857,3
balancer,balancer добрый,24,24,2,47,30,30,809,0.5106382978723404,0.8,0.029666254635352288,0.057210965435041714,8
balancer,internal load,20,17,2,30,21,20,809,0.6666666666666666,0.8095238095238095,0.021013597033374538,0.04096385542168675,13
balancer,адрес балансировщик,14,14,2,27,20,19,809,0.5185185185185185,0.7,0.0173053152039555,0.033775633293124246,20
balancer,создать балансировщик,15,14,2,20,15,15,809,0.75,0.9333333333333333,0.0173053152039555,0.03398058252427184,18
balancer,через балансировщик,19,17,2,37,23,21,809,0.5135135135135135,0.7391304347826086,0.021013597033374538,0.040865384615384616,14
balancer,балансировщик добрый,52,52,2,93,60,53,809,0.5591397849462365,0.8666666666666667,0.06427688504326329,0.11967779056386652,2
balancer,балансировщик для,18,18,2,30,21,21,809,0.6,0.8571428571428571,0.022249690976514216,0.043373493975903614,11
balancer,внутренний балансировщик,68,43,2,116,48,43,809,0.5862068965517241,0.8958333333333334,0.05315203955500618,0.10035005834305717,4
balancer,балансировщик нагрузка,69,41,2,121,56,49,809,0.5702479338842975,0.7321428571428571,0.05067985166872682,0.09479768786127167,5
balancer,балансировщик здравствуйте,24,24,2,33,27,26,809,0.7272727272727273,0.8888888888888888,0.029666254635352288,0.05741626794258373,7
balancer,сетевой балансировщик,36,24,2,56,27,25,809,0.6428571428571429,0.8888888888888888,0.029666254635352288,0.05741626794258373,6
billing,кредитный,699,408,1,880,459,405,7143,0.7943181818181818,0.8888888888888888,0.057118857622847546,0.1073401736385162,4
billing,списание,385,293,1,652,371,351,7143,0.5904907975460123,0.7897574123989218,0.04101917961640767,0.07798775618844823,6
billing,возврат,145,109,1,216,146,137,7143,0.6712962962962963,0.7465753424657534,0.015259694806103877,0.02990808066950199,18
billing,биллинга,694,497,1,1254,664,588,7143,0.5534290271132376,0.7484939759036144,0.06957860842783144,0.12732163443063915,2
billing,детализация,395,257,1,649,311,276,7143,0.6086286594761171,0.8263665594855305,0.03597928041439171,0.06895626509256775,9
billing,оплатить,506,446,1,825,609,556,7143,0.6133333333333333,0.7323481116584565,0.0624387512249755,0.11506707946336428,3
billing,задолженность,196,143,1,292,173,156,7143,0.6712328767123288,0.8265895953757225,0.02001959960800784,0.039092400218698746,14
billing,платёж,395,288,1,650,400,367,7143,0.6076923076923076,0.72,0.04031919361612768,0.0763621901100358,8
billing,пополнение,233,194,1,376,252,235,7143,0.6196808510638298,0.7698412698412699,0.027159456810863784,0.05246788370520623,11
billing,плательщик,172,108,1,279,153,140,7143,0.6164874551971327,0.7058823529411765,0.015119697606047878,0.029605263157894735,19
billing,долг,137,109,1,226,140,133,7143,0.6061946902654868,0.7785714285714286,0.015259694806103877,0.029932720032953452,17
billing,оплата,1725,1212,1,2988,1669,1417,7143,0.5773092369477911,0.7261833433193529,0.16967660646787064,0.2750794371311847,1
billing.antifraud,быть заблокировать доступ,19,19,3,23,22,22,1629,0.8260869565217391,0.8636363636363636,0.011663597298956415,0.02301635372501514,16
billing.antifraud,майнинг,20,19,1,30,21,20,1629,0.6666666666666666,0.9047619047619048,0.011663597298956415,0.02303030303030303,15
billing.antifraud,заблокировать доступ ваш,20,20,3,23,20,20,1629,0.8695652173913043,1,0.012277470841006752,0.02425712553062462,14
billing.antifraud,доступ ваш облачный,22,22,3,34,29,29,1629,0.6470588235294118,0.7586206896551724,0.013505217925107428,0.026537997587454766,11
billing.antifraud,блокировка платёжный,37,33,2,53,40,39,1629,0.6981132075471698,0.825,0.020257826887661142,0.039544637507489516,3
billing.antifraud,платёжный аккаунт заблокировать,35,32,3,61,45,45,1629,0.5737704918032787,0.7111111111111111,0.019643953345610803,0.038231780167264036,4
billing.antifraud,майнинга,46,41,1,76,50,49,1629,0.6052631578947368,0.82,0.025168815224063844,0.04883859440142942,1
billing.antifraud,причина блокировка аккаунт,29,26,3,44,37,37,1629,0.6590909090909091,0.7027027027027027,0.01596071209330878,0.031212484993997605,5
billing.cards,киви,41,36,1,57,40,40,885,0.7192982456140351,0.9,0.04067796610169491,0.07783783783783783,9
billing.cards,qiwi,58,52,1,73,56,55,885,0.7945205479452054,0.9285714285714286,0.05875706214689266,0.11052072263549416,4
billing.cards,3ds,41,30,1,63,40,39,885,0.6507936507936508,0.75,0.03389830508474576,0.06486486486486487,11
billing.cards,виртуальный карта,45,38,2,71,49,48,885,0.6338028169014085,0.7755102040816326,0.04293785310734463,0.08137044967880085,7
billing.cards,при привязка,90,78,2,136,100,100,885,0.6617647058823529,0.78,0.08813559322033898,0.15837563451776648,1
billing.cards,привязка карта добрый,24,24,3,39,33,32,885,0.6153846153846154,0.7272727272727273,0.02711864406779661,0.05228758169934641,16
billing.cards,привязка карта здравствуйте,25,25,3,38,33,33,885,0.6578947368421053,0.7575757575757576,0.02824858757062147,0.054466230936819175,15
billing.cards,карта произойти,37,29,2,49,31,31,885,0.7551020408163265,0.9354838709677419,0.0327683615819209,0.06331877729257641,13
billing.cards,привязываться карта,40,36,2,52,40,39,885,0.7692307692307693,0.9,0.04067796610169491,0.07783783783783783,8
billing.cards,мочь привязать карта,79,71,3,129,92,91,885,0.6124031007751938,0.7717391304347826,0.08022598870056497,0.14534288638689866,2
billing.cards,карта успешно,27,26,2,42,34,34,885,0.6428571428571429,0.7647058823529411,0.02937853107344633,0.05658324265505985,14
billing.delete,ошибка создать платёжный,4,4,3,8,5,5,555,0.5,0.8,0.007207207207207207,0.014285714285714285,7
billing.delete,аккаунт пожалуйста удалить,8,8,3,9,8,8,555,0.8888888888888888,1,0.014414414414414415,0.02841918294849023,1
billing.delete,инактивация,6,6,1,12,8,8,555,0.5,0.75,0.010810810810810811,0.021314387211367674,4
billing.delete,можно удалить аккаунт,7,7,3,14,10,10,555,0.5,0.7,0.012612612612612612,0.0247787610619469,3
billing.trial,продление пробный,16,14,2,24,19,19,2284,0.6666666666666666,0.7368421052631579,0.006129597197898424,0.0121580547112462,8
billing.trial,продлить пробный,17,17,2,27,21,19,2284,0.6296296296296297,0.8095238095238095,0.0074430823117338,0.014750542299349242,4
billing.trial,дополнительный грант,17,12,2,24,15,15,2284,0.7083333333333334,0.8,0.005253940455341506,0.010439321444106133,13
billing.trial,прийти промокод,13,13,2,22,18,18,2284,0.5909090909090909,0.7222222222222222,0.005691768826619965,0.011294526498696786,11
billing.trial,грант активировать,17,17,2,25,22,20,2284,0.68,0.7727272727272727,0.0074430823117338,0.014744145706851692,5
billing.trial,практикум разблокировать,10,10,2,13,11,11,2284,0.7692307692307693,0.9090909090909091,0.0043782837127845885,0.008714596949891067,17
billing.trial,практикум активировать,10,10,2,15,13,13,2284,0.6666666666666666,0.7692307692307693,0.0043782837127845885,0.0087070091423596,18
billing.trial,грант облако,17,14,2,20,17,17,2284,0.85,0.8235294117647058,0.006129597197898424,0.012168622338113864,6
billing.trial,завершение пробный,12,11,2,19,15,15,2284,0.631578947,0.7333333333333333,0.004816112084063047,0.009569377990430622,16
billing.trial,промокод здравствуйте,23,23,2,31,28,25,2284,0.7419354838709677,0.8214285714285714,0.010070052539404553,0.0198961937716263,2
billing.trial,промокод рубль,10,10,2,15,14,13,2284,0.6666666666666666,0.7142857142857143,0.0043782837127845885,0.008703220191470844,20
billing.trial,ввести промокод,27,26,2,38,34,33,2284,0.7105263157894737,0.7647058823529411,0.01138353765323993,0.02243313201035375,1
billing.trial,начать проходить,11,11,2,17,14,14,2284,0.6470588235294118,0.7857142857142857,0.004816112084063047,0.009573542210617928,14
billing.trial,промокод который,14,14,2,19,18,18,2284,0.7368421052631579,0.7777777777777778,0.006129597197898424,0.01216333622936577,7
certificate manager,домен certificate,11,10,2,25,14,12,139,0.44,0.7142857142857143,0.07194244604316546,0.13071895424836602,14
certificate manager,удалить сертификат,11,7,2,18,7,7,139,0.6111111111111112,1,0.050359712230215826,0.09589041095890412,15
certificate manager,выпустить сертификат,6,6,2,8,6,6,139,0.75,1,0.04316546762589928,0.08275862068965519,20
certificate manager,сертификат certificate,15,13,2,26,15,14,139,0.5769230769230769,0.8666666666666667,0.09352517985611511,0.16883116883116883,7
certificate manager,certificate manager,100,58,2,181,73,63,139,0.5524861878453039,0.7945205479452054,0.4172661870503597,0.5471698113207548,1
certificate manager,сервис certificate,8,7,2,13,8,7,139,0.6153846153846154,0.875,0.050359712230215826,0.09523809523809523,16
certificate manager,сертификат let,20,16,2,27,16,15,139,0.7407407407407407,1,0.11510791366906475,0.20645161290322583,3
cli,list endpoints,6,5,2,12,6,5,253,0.5,0.8333333333333334,0.019762845849802372,0.03861003861003861,4
cli,webclient,6,4,1,13,5,5,253,0.46153846153846156,0.8,0.015810276679841896,0.031007751937984492,8
cli,get list,6,5,2,14,6,5,253,0.42857142857142855,0.8333333333333334,0.019762845849802372,0.03861003861003861,3
cli,cli добрый,19,19,2,44,27,26,253,0.4318181818181818,0.7037037037037037,0.07509881422924901,0.1357142857142857,1
cli,use client trace,5,5,3,12,7,7,253,0.4166666666666667,0.7142857142857143,0.019762845849802372,0.038461538461538464,5
cli,cli windows,4,4,2,6,5,5,253,0.6666666666666666,0.8,0.015810276679841896,0.031007751937984492,7
cli,установка cli,13,11,2,17,13,13,253,0.7647058823529411,0.8461538461538461,0.043478260869565216,0.08270676691729323,2
cli,yandexcloud install bash,5,5,3,12,7,7,253,0.4166666666666667,0.7142857142857143,0.019762845849802372,0.038461538461538464,6
compute,квота cores,131,121,2,341,143,113,9387,0.3841642228739003,0.8461538461538461,0.01289016725258336,0.02539349422875131,18
compute,cores external,118,116,2,348,137,114,9387,0.3390804597701149,0.8467153284671532,0.012357515713220411,0.024359512809743803,20
compute,квота compute,155,140,2,439,182,140,9387,0.3530751708428246,0.7692307692307693,0.014914243102162566,0.029261155815654718,13
compute,count network,210,165,2,621,203,155,9387,0.33816425120772947,0.812807882,0.01757750079897731,0.03441084462982273,11
compute.GPU,увеличение квота gpu,5,5,3,12,7,7,445,0.4166666666666667,0.7142857142857143,0.011235955056179775,0.02212389380530973,14
compute.GPU,установить драйвер,4,4,2,8,5,5,445,0.5,0.8,0.008988764044943821,0.017777777777777778,18
compute.GPU,nvidia smi,10,5,1,17,7,6,445,0.5882352941176471,0.7142857142857143,0.011235955056179775,0.02212389380530973,8
compute.GPU,gpu можно,4,4,2,7,5,5,445,0.5714285714285714,0.8,0.008988764044943821,0.017777777777777778,19
compute.GPU,runtimeerror cuda error,5,5,3,7,7,6,445,0.7142857142857143,0.7142857142857143,0.011235955056179775,0.02212389380530973,16
compute.GPU,cuda capable,6,5,2,9,7,5,445,0.6666666666666666,0.7142857142857143,0.011235955056179775,0.02212389380530973,9
compute.GPU,доступ gpu,5,4,2,12,5,5,445,0.4166666666666667,0.8,0.008988764044943821,0.017777777777777778,20
compute.GPU,gpu tesla,5,5,2,10,5,5,445,0.5,1,0.011235955056179775,0.02222222222222222,2
compute.GPU,capable devices,6,5,2,9,7,5,445,0.6666666666666666,0.7142857142857143,0.011235955056179775,0.02212389380530973,7
compute.GPU,gpu здравствуйте хотеть,5,5,3,11,6,6,445,0.45454545454545453,0.8333333333333334,0.011235955056179775,0.022172949002217293,3
compute.image,образ iso,5,5,2,6,5,5,203,0.8333333333333334,1,0.024630541871921183,0.04807692307692307,3
compute.image,iso образ,21,12,2,30,14,14,203,0.7,0.8571428571428571,0.059113300492610835,0.1105990783410138,1
compute.image,iso добрый,5,5,2,6,6,5,203,0.8333333333333334,0.8333333333333334,0.024630541871921183,0.04784688995215312,5
compute.image,загрузка образ добрый,6,6,3,9,8,8,203,0.6666666666666666,0.75,0.029556650246305417,0.05687203791469195,2
compute.image,свой iso,7,5,2,12,6,6,203,0.5833333333333334,0.8333333333333334,0.024630541871921183,0.04784688995215312,4
compute.image,образ снимка,4,4,2,11,5,5,203,0.36363636363636365,0.8,0.019704433497536946,0.038461538461538464,7
compute.instance groups,instance group здравствуйте,7,7,3,14,8,6,270,0.5,0.875,0.025925925925925925,0.050359712230215826,3
compute.instance groups,для группа виртуальный,4,4,3,8,5,5,270,0.5,0.8,0.014814814814814815,0.02909090909090909,8
compute.instance groups,deleting instance,8,4,2,10,5,5,270,0.8,0.8,0.014814814814814815,0.02909090909090909,7
compute.instance groups,удалить instance,4,4,2,9,5,5,270,0.4444444444444444,0.8,0.014814814814814815,0.02909090909090909,12
compute.instance groups,instance group добрый,9,9,3,19,12,12,270,0.47368421052631576,0.75,0.03333333333333333,0.06382978723404256,1
compute.instance groups,удаление группа виртуальный,5,5,3,6,5,5,270,0.8333333333333334,1,0.018518518518518517,0.03636363636363636,4
compute.instance groups,удалить группа виртуальный,9,7,3,12,8,8,270,0.75,0.875,0.025925925925925925,0.050359712230215826,2
compute.instance groups,создание группа виртуальный,7,5,3,23,7,7,270,0.30434782608695654,0.7142857142857143,0.018518518518518517,0.036101083032490974,6
compute.nbs,утилизация диск,13,7,2,16,8,6,687,0.8125,0.875,0.010189228529839884,0.02014388489208633,18
compute.nbs,чтение диск,8,8,2,14,11,11,687,0.5714285714285714,0.7272727272727273,0.011644832605531296,0.022922636103151862,14
compute.nbs,проблема диск,33,28,2,58,40,38,687,0.5689655172413793,0.7,0.040756914119359534,0.07702888583218706,1
compute.nbs,запись диск,18,14,2,35,20,18,687,0.5142857142857142,0.7,0.020378457059679767,0.039603960396039604,7
compute.nbs,проблема дисковый,9,9,2,22,12,11,687,0.4090909090909091,0.75,0.013100436681222707,0.025751072961373387,12
compute.nbs,производительность диск,25,19,2,40,24,24,687,0.625,0.7916666666666666,0.027656477438136828,0.053445850914205346,3
compute.nbs,fio,25,12,1,37,14,14,687,0.6756756756756757,0.8571428571428571,0.017467248908296942,0.03423680456490727,8
compute.nbs,ioengine,13,9,1,18,10,10,687,0.7222222222222222,0.9,0.013100436681222707,0.02582496413199426,10
compute.nbs,скорость ssd,11,8,2,13,8,7,687,0.8461538461538461,1,0.011644832605531296,0.02302158273381295,13
compute.nbs,скорость диск,12,12,2,24,17,17,687,0.5,0.7058823529411765,0.017467248908296942,0.03409090909090909,9
compute.nbs,libaio,10,7,1,15,8,8,687,0.6666666666666666,0.875,0.010189228529839884,0.02014388489208633,19
compute.nbs,диск возможный,17,14,2,22,15,15,687,0.7727272727272727,0.9333333333333333,0.020378457059679767,0.039886039886039885,6
compute.nbs,iodepth,13,9,1,18,10,10,687,0.7222222222222222,0.9,0.013100436681222707,0.02582496413199426,11
compute.rdp,система неудачный,5,5,2,7,6,6,252,0.7142857142857143,0.8333333333333334,0.01984126984126984,0.03875968992248061,6
compute.rdp,rdp windows,7,6,2,14,8,8,252,0.5,0.75,0.023809523809523808,0.04615384615384615,2
compute.rdp,работать rdp,8,6,2,12,6,6,252,0.6666666666666666,1,0.023809523809523808,0.046511627906976744,1
compute.rdp,rdp мочь подключиться,6,6,3,14,8,8,252,0.42857142857142855,0.75,0.023809523809523808,0.04615384615384615,3
compute.rdp,нет доступ rdp,4,4,3,6,5,5,252,0.6666666666666666,0.8,0.015873015873015872,0.0311284046692607,8
compute.snapshot,снапшота здравствуйте,7,7,2,9,7,6,362,0.7777777777777778,1,0.019337016574585635,0.037940379403794036,1
compute.snapshot,хранение снимок,5,5,2,8,6,6,362,0.625,0.8333333333333334,0.013812154696132596,0.02717391304347826,7
compute.snapshot,создать снапшота,5,5,2,16,7,7,362,0.3125,0.7142857142857143,0.013812154696132596,0.027100271002710025,12
compute.snapshot,перенос снимок,8,7,2,12,10,10,362,0.6666666666666666,0.7,0.019337016574585635,0.03763440860215053,3
compute.snapshot,снапшот диск,5,5,2,11,6,6,362,0.45454545454545453,0.8333333333333334,0.013812154696132596,0.02717391304347826,8
compute.snapshot,этот снимок,5,4,2,10,5,5,362,0.5,0.8,0.011049723756906077,0.021798365122615806,15
compute.snapshot,снимка диск виртуальный,6,6,3,11,7,7,362,0.5454545454545454,0.8571428571428571,0.016574585635359115,0.032520325203252036,6
compute.snapshot,снимок диск виртуальный,5,5,3,11,7,7,362,0.45454545454545453,0.7142857142857143,0.013812154696132596,0.027100271002710025,13
compute.snapshot,восстановить система,4,4,2,6,5,5,362,0.6666666666666666,0.8,0.011049723756906077,0.021798365122615806,17
compute.snapshot,образ снимка,4,4,2,11,5,5,362,0.36363636363636365,0.8,0.011049723756906077,0.021798365122615806,16
compute.snapshot,снимка добрый,7,7,2,10,7,7,362,0.7,1,0.019337016574585635,0.037940379403794036,2
compute.snapshot,автоматический создание снимок,6,5,3,8,6,6,362,0.75,0.8333333333333334,0.013812154696132596,0.02717391304347826,10
compute.ssh,ssh ключ,263,196,2,441,276,265,845,0.5963718820861678,0.7101449275362319,0.2319526627218935,0.3496877787689563,1
compute.ssh,public key,25,21,2,40,29,28,845,0.625,0.7241379310344828,0.02485207100591716,0.04805491990846682,12
compute.ssh,keyex,21,18,1,31,22,22,845,0.6774193548387096,0.8181818181818182,0.021301775147928994,0.041522491349480974,14
compute.ssh,ssh здравствуйте,40,40,2,66,53,51,845,0.6060606060606061,0.7547169811320755,0.047337278106508875,0.08908685968819599,7
compute.ssh,putty,84,61,1,134,84,82,845,0.6268656716417911,0.7261904761904762,0.07218934911242604,0.13132400430570507,6
compute.ssh,публичный ключ,70,63,2,128,90,87,845,0.546875,0.7,0.07455621301775148,0.13475935828877003,5
compute.ssh,gssapi,42,18,1,62,22,22,845,0.6774193548387096,0.8181818181818182,0.021301775147928994,0.041522491349480974,15
compute.ssh,publickey,122,105,1,232,148,142,845,0.5258620689655172,0.7094594594594594,0.1242603550295858,0.21148036253776434,2
compute.ssh,ssh при,24,23,2,40,32,32,845,0.6,0.71875,0.027218934911242602,0.052451539338654506,10
compute.vm,зависание сервер,6,5,2,7,6,6,1992,0.8571428571428571,0.8333333333333334,0.0025100401606425703,0.005005005005005005,8
compute.vm,зависнуть машина,6,4,2,8,5,5,1992,0.75,0.8,0.002008032128514056,0.00400600901352028,12
compute.windows,активация windows,9,8,2,13,9,9,476,0.6923076923076923,0.8888888888888888,0.01680672268907563,0.032989690721649485,1
compute.windows,виндоусый,7,6,1,12,8,8,476,0.5833333333333334,0.75,0.012605042016806723,0.02479338842975207,3
compute.windows,лицензия rds,5,5,2,7,5,5,476,0.7142857142857143,1,0.01050420168067227,0.02079002079002079,4
compute.windows,облако windows,5,5,2,10,7,7,476,0.5,0.7142857142857143,0.01050420168067227,0.02070393374741201,5
compute.windows,solutions windows,4,4,2,6,5,5,476,0.6666666666666666,0.8,0.008403361344537815,0.016632016632016633,6
container registry,container registry,180,110,2,392,155,142,311,0.45918367346938777,0.7096774193548387,0.3536977491961415,0.4721030042918455,1
container registry,yandex container,31,18,2,47,20,19,311,0.6595744680851063,0.9,0.05787781350482315,0.10876132930513595,8
container registry,реджистереть,15,13,1,25,15,13,311,0.6,0.8666666666666667,0.04180064308681672,0.07975460122699386,18
container registry,docs container,18,17,2,31,23,22,311,0.5806451612903226,0.7391304347826086,0.05466237942122187,0.10179640718562875,12
container registry,with container,15,12,2,23,15,12,311,0.6521739130434783,0.8,0.03858520900321544,0.07361963190184048,20
container registry,registry здравствуйте,14,14,2,23,16,15,311,0.6086956521739131,0.875,0.04501607717041801,0.08562691131498472,15
container registry,registry добрый,31,31,2,49,34,32,311,0.6326530612244898,0.9117647058823529,0.09967845659163987,0.17971014492753623,2
container registry,образ yandex,14,14,2,30,20,20,311,0.4666666666666667,0.7,0.04501607717041801,0.08459214501510574,17
container registry,docker login,18,14,2,26,17,16,311,0.6923076923076923,0.8235294117647058,0.04501607717041801,0.08536585365853658,16
container registry,docker push,15,12,2,16,12,12,311,0.9375,1,0.03858520900321544,0.07430340557275542,19
data-transfer,datatransfer,22,15,1,26,16,11,85,0.8461538461538461,0.9375,0.17647058823529413,0.29702970297029707,3
data-transfer,трансфер,62,35,1,81,40,26,85,0.7654320987654321,0.875,0.4117647058823529,0.56,2
data-transfer,dst dst,7,5,2,8,6,5,85,0.875,0.8333333333333334,0.058823529411764705,0.10989010989010989,15
data-transfer,src src,5,4,2,7,5,5,85,0.7142857142857143,0.8,0.047058823529411764,0.08888888888888889,18
data-transfer,transfer добрый,6,6,2,8,8,8,85,0.75,0.75,0.07058823529411765,0.12903225806451613,10
data-transfer,data transfer,64,38,2,76,43,31,85,0.8421052631578947,0.8837209302325582,0.4470588235294118,0.5937500000000001,1
data-transfer,dst type,9,7,2,10,8,5,85,0.9,0.875,0.08235294117647059,0.15053763440860213,9
data-transfer,transfer здравствуйте,7,7,2,8,7,5,85,0.875,1,0.08235294117647059,0.15217391304347827,6
data-transfer,src type,9,7,2,9,7,5,85,1,1,0.08235294117647059,0.15217391304347827,7
datalens,dataset,45,39,1,55,45,37,1264,0.8181818181818182,0.8666666666666667,0.030854430379746837,0.059587471352177235,20
datalens,wizard,52,40,1,64,42,28,1264,0.8125,0.9523809523809523,0.03164556962025317,0.06125574272588056,17
datalens,чарт,397,246,1,456,265,165,1264,0.8706140350877193,0.9283018867924528,0.19462025316455697,0.3217789404839765,3
datalens,datalens,1099,642,1,1513,744,466,1264,0.7263714474553866,0.8629032258064516,0.5079113924050633,0.6394422310756972,1
datalens,дашборд,281,174,1,434,231,186,1264,0.6474654377880185,0.7532467532467533,0.13765822784810128,0.2327759197324415,4
datalens,датасет,497,285,1,567,299,184,1264,0.8765432098765432,0.9531772575250836,0.2254746835443038,0.3646833013435701,2
datalens,даталенс,53,40,1,64,45,36,1264,0.828125,0.8888888888888888,0.03164556962025317,0.061115355233002294,18
dataproc,data proc,55,37,2,89,44,33,121,0.6179775280898876,0.8409090909090909,0.30578512396694213,0.4484848484848485,2
dataproc,dataproc,129,64,1,185,71,38,121,0.6972972972972973,0.9014084507042254,0.5289256198347108,0.6666666666666666,1
dataproc,proc кластер,5,4,2,6,5,5,121,0.8333333333333334,0.8,0.03305785123966942,0.06349206349206349,18
dns,cloud dns,48,34,2,97,44,38,101,0.4948453608247423,0.7727272727272727,0.33663366336633666,0.46896551724137925,1
english,facing,6,6,1,15,8,7,453,0.4,0.75,0.013245033112582781,0.026030368763557486,11
english,have not,6,5,2,14,5,5,453,0.42857142857142855,1,0.011037527593818985,0.021834061135371178,14
english,find any,6,6,2,20,8,8,453,0.3,0.75,0.013245033112582781,0.026030368763557486,10
english,team are,5,5,2,13,6,6,453,0.38461538461538464,0.8333333333333334,0.011037527593818985,0.021786492374727674,18
english,guys,8,8,1,21,10,8,453,0.38095238095238093,0.8,0.017660044150110375,0.03455723542116631,3
english,use for,7,7,2,16,8,8,453,0.4375,0.875,0.01545253863134658,0.030368763557483736,6
english,and our,5,5,2,14,6,6,453,0.35714285714285715,0.8333333333333334,0.011037527593818985,0.021786492374727674,17
english,payment account,6,5,2,16,7,7,453,0.375,0.7142857142857143,0.011037527593818985,0.02173913043478261,20
english,india,11,5,1,25,7,7,453,0.44,0.7142857142857143,0.011037527593818985,0.02173913043478261,19
english,hello can,10,10,2,27,13,12,453,0.37037037037037035,0.7692307692307693,0.02207505518763797,0.042918454935622324,1
english,few days,5,5,2,17,6,6,453,0.29411764705882354,0.8333333333333334,0.011037527593818985,0.021786492374727674,16
english,invoice for,8,8,2,20,11,9,453,0.4,0.7272727272727273,0.017660044150110375,0.034482758620689655,4
english,activate the,7,7,2,18,9,9,453,0.3888888888888889,0.7777777777777778,0.01545253863134658,0.030303030303030307,7
english,although,8,7,1,19,9,9,453,0.42105263157894735,0.7777777777777778,0.01545253863134658,0.030303030303030307,8
english,hello cannot,5,5,2,12,5,5,453,0.4166666666666667,1,0.011037527593818985,0.021834061135371178,13
english,dont,7,7,1,21,10,10,453,0.3333333333333333,0.7,0.01545253863134658,0.030237580993520523,9
english,saying,8,5,1,17,5,5,453,0.47058823529411764,1,0.011037527593818985,0.021834061135371178,12
english,the invoice,9,8,2,24,10,10,453,0.375,0.8,0.017660044150110375,0.03455723542116631,2
english,bank card,10,7,2,21,7,7,453,0.47619047619047616,1,0.01545253863134658,0.03043478260869565,5
english,services but,5,5,2,12,5,5,453,0.4166666666666667,1,0.011037527593818985,0.021834061135371178,15
hystax,hlragent,32,6,1,43,7,7,47,0.7441860465116279,0.8571428571428571,0.1276595744680851,0.2222222222222222,12
hystax,hystax,79,35,1,149,46,31,47,0.5302013422818792,0.7608695652173914,0.7446808510638298,0.7526881720430109,1
hystax,acura добрый,7,7,2,10,7,6,47,0.7,1,0.14893617021276595,0.25925925925925924,6
iam,operations iam,12,12,2,19,15,15,1216,0.631578947,0.8,0.009868421052631578,0.01949634443541836,11
iam,получение iam,18,14,2,24,18,17,1216,0.75,0.7777777777777778,0.011513157894736841,0.022690437601296597,8
iam,resource manager api,15,8,3,30,11,11,1216,0.5,0.7272727272727273,0.006578947368421052,0.013039934800325998,20
iam,https iam,23,19,2,52,25,24,1216,0.4423076923076923,0.76,0.015625,0.030620467365028204,5
iam,net iam,22,19,2,47,24,23,1216,0.46808510638297873,0.7916666666666666,0.015625,0.03064516129032258,4
iam.delete,облако как удалить,26,26,3,47,36,36,1361,0.5531914893617021,0.7222222222222222,0.019103600293901544,0.03722261989978525,12
iam.delete,облако удаляться,27,23,2,47,31,31,1361,0.574468085,0.7419354838709677,0.01689933872152829,0.033045977011494254,15
iam.delete,облако просить удалить,26,26,3,40,34,34,1361,0.65,0.7647058823529411,0.019103600293901544,0.03727598566308244,11
iam.delete,удаление облако,194,182,2,328,248,221,1361,0.5914634146341463,0.7338709677419355,0.1337252020573108,0.22622747047855815,2
iam.delete,удалить каталог,163,129,2,205,144,131,1361,0.7951219512195122,0.8958333333333334,0.09478324761204997,0.17142857142857146,3
iam.delete,удалить облако,333,267,2,535,367,340,1361,0.6224299065420561,0.7275204359673024,0.1961792799412197,0.3090277777777778,1
iam.delete,удалить фолдер,29,21,2,32,24,12,1361,0.90625,0.875,0.015429831006612785,0.03032490974729242,16
iam.delete,день удалить пожалуйста,24,24,3,38,33,28,1361,0.631578947,0.7272727272727273,0.01763409257898604,0.03443328550932568,14
iam.delete,лишний облако,31,21,2,37,25,25,1361,0.8378378378378378,0.84,0.015429831006612785,0.0303030303030303,17
iam.delete,удаление каталог,94,89,2,109,101,89,1361,0.8623853211009175,0.8811881188118812,0.0653930933137399,0.12175102599179206,4
iam.delete,удалить неиспользуемый,23,21,2,38,27,26,1361,0.6052631578947368,0.7777777777777778,0.015429831006612785,0.030259365994236315,19
iam.federation,idp,22,16,1,29,18,18,154,0.7586206896551724,0.8888888888888888,0.1038961038961039,0.18604651162790697,4
iam.federation,настроить федерация,12,12,2,18,16,16,154,0.6666666666666666,0.75,0.07792207792207792,0.1411764705882353,14
iam.federation,init federation,12,9,2,30,11,11,154,0.4,0.8181818181818182,0.05844155844155844,0.1090909090909091,15
iam.federation,federations,45,35,1,76,48,43,154,0.5921052631578947,0.7291666666666666,0.22727272727272727,0.3465346534653465,1
iam.federation,настройка федерация,12,12,2,14,14,13,154,0.8571428571428571,0.8571428571428571,0.07792207792207792,0.14285714285714285,13
iam.federation,sso,23,15,1,37,18,17,154,0.6216216216216216,0.8333333333333334,0.09740259740259741,0.17441860465116282,5
iam.federation,federation authentication not,7,7,3,19,9,9,154,0.3684210526315789,0.7777777777777778,0.045454545454545456,0.08588957055214724,19
iam.federation,saml,43,25,1,62,29,25,154,0.6935483870967742,0.8620689655172413,0.16233766233766234,0.273224044,2
iam.federation,gsuite,17,13,1,25,18,16,154,0.68,0.7222222222222222,0.08441558441558442,0.15116279069767444,12
iam.federation,error federation authentication,7,7,3,18,9,9,154,0.3888888888888889,0.7777777777777778,0.045454545454545456,0.08588957055214724,20
iam.federation,adfs,30,18,1,45,25,19,154,0.6666666666666666,0.72,0.11688311688311688,0.20111731843575417,3
iam.federation,работать федерация,8,7,2,12,8,7,154,0.6666666666666666,0.875,0.045454545454545456,0.08641975308641976,16
iam.federation,федерация добрый,14,14,2,16,16,15,154,0.875,0.875,0.09090909090909091,0.16470588235294117,6
interconnect,cloud interconnect,13,7,2,26,10,10,102,0.5,0.7,0.06862745098039216,0.12500000000000003,2
interconnect,interconnect добрый,8,8,2,14,11,10,102,0.5714285714285714,0.7272727272727273,0.0784313725490196,0.14159292035398233,1
iot,iot,104,49,1,170,62,42,68,0.611764706,0.7903225806451613,0.7205882352941176,0.7538461538461538,1
iot,mqtt,63,32,1,95,41,32,68,0.6631578947368421,0.7804878048780488,0.47058823529411764,0.5871559633027523,2
iot,реестр устройство,15,13,2,17,13,11,68,0.8823529411764706,1,0.19117647058823528,0.32098765432098764,4
iot,qos,9,6,1,10,6,5,68,0.9,1,0.08823529411764706,0.1621621621621622,8
k8s,kubectl,257,173,1,389,184,128,2177,0.6606683804627249,0.9402173913043478,0.07946715663757464,0.1465480728504871,6
k8s,пода,294,210,1,513,236,173,2177,0.5730994152046783,0.8898305084745762,0.09646302250803858,0.17405719021964358,5
k8s,pod,272,164,1,470,178,136,2177,0.5787234042553191,0.9213483146067416,0.07533302710151585,0.13927813163481956,8
k8s,kubernetes,1806,1038,1,4008,1376,663,2177,0.4505988023952096,0.7543604651162791,0.47680293982544786,0.5842949620039404,1
k8s,ingress,257,105,1,436,132,106,2177,0.5894495412844036,0.7954545454545454,0.04823151125401929,0.09094846253789518,16
k8s,pvc,249,127,1,366,135,98,2177,0.680327869,0.9407407407407408,0.058337161231051905,0.10986159169550172,13
k8s,кубернетёс,115,96,1,248,127,88,2177,0.4637096774193548,0.7559055118110236,0.044097381717960495,0.08333333333333333,18
k8s,подовый,125,104,1,219,117,94,2177,0.5707762557077626,0.8888888888888888,0.04777216352779054,0.09067131647776809,17
k8s,k8s,1043,657,1,1953,798,385,2177,0.5340501792114696,0.8233082706766918,0.30179145613229214,0.4416806722689075,2
k8s,кубер,152,126,1,308,155,102,2177,0.4935064935064935,0.8129032258064516,0.05787781350482315,0.10806174957118353,14
legal,роскомнадзор,17,14,1,32,20,20,163,0.53125,0.7,0.08588957055214724,0.15300546448087435,1
legal,правовой,5,5,1,11,7,7,163,0.45454545454545453,0.7142857142857143,0.03067484662576687,0.058823529411764705,8
legal,оферта добрый,5,5,2,7,6,6,163,0.7142857142857143,0.8333333333333334,0.03067484662576687,0.05917159763313609,7
legal,авторский,8,5,1,9,5,5,163,0.8888888888888888,1,0.03067484662576687,0.05952380952380952,3
marketplace,compute image list,9,8,3,15,11,10,379,0.6,0.7272727272727273,0.021108179419525065,0.041025641025641026,10
marketplace,cloud marketplace,16,10,2,29,14,14,379,0.5517241379310345,0.7142857142857143,0.026385224274406333,0.050890585241730284,5
marketplace,image list folder,8,8,3,12,10,9,379,0.6666666666666666,0.8,0.021108179419525065,0.04113110539845758,8
marketplace,marketplace здравствуйте,4,4,2,6,5,5,379,0.6666666666666666,0.8,0.010554089709762533,0.020833333333333332,13
marketplace,list folder standard,8,8,3,12,10,9,379,0.6666666666666666,0.8,0.021108179419525065,0.04113110539845758,9
marketplace,marketplace products,11,9,2,17,11,9,379,0.6470588235294118,0.8181818181818182,0.023746701846965697,0.04615384615384615,7
marketplace,marketplace что,6,5,2,13,7,7,379,0.46153846153846156,0.7142857142857143,0.013192612137203167,0.025906735751295342,12
marketplace,образ cisco csr,4,4,3,10,5,5,379,0.4,0.8,0.010554089709762533,0.020833333333333332,15
marketplace,образ marketplace,6,5,2,9,5,5,379,0.6666666666666666,1,0.013192612137203167,0.026041666666666664,11
marketplace,yandex marketplace,15,11,2,23,14,12,379,0.6521739130434783,0.7857142857142857,0.029023746701846966,0.05597964376590331,3
marketplace,marketplace добрый,12,12,2,20,15,14,379,0.6,0.8,0.0316622691292876,0.06091370558375635,1
marketplace,образ cloud,6,4,2,13,5,5,379,0.46153846153846156,0.8,0.010554089709762533,0.020833333333333332,14
mdb,databases cpu,31,31,2,102,41,35,1097,0.30392156862745096,0.7560975609756098,0.028258887876025523,0.05448154657293497,4
mdb,databases memory,6,6,2,14,6,6,1097,0.42857142857142855,1,0.0054694621695533276,0.01087941976427924,20
mdb,cpu cores memory,10,10,3,26,14,13,1097,0.38461538461538464,0.7142857142857143,0.009115770282588878,0.0180018,16
mdb,databases ssdspace,14,13,2,36,14,13,1097,0.3888888888888889,0.9285714285714286,0.011850501367365542,0.023402340234023402,11
mdb,memory gib,17,17,2,41,22,21,1097,0.4146341463414634,0.7727272727272727,0.015496809480401094,0.030384271671134944,7
mdb.clickhouse,кликхаус,133,106,1,237,141,90,683,0.5611814345991561,0.75177305,0.15519765739385066,0.25728155339805825,2
mdb.clickhouse,clickhouse,953,466,1,1596,629,310,683,0.5971177944862155,0.7408585055643879,0.6822840409956076,0.7103658536585366,1
mdb.elasticsearch,elasticsearch кластер,5,5,2,6,5,5,110,0.8333333333333334,1,0.045454545454545456,0.08695652173913045,10
mdb.elasticsearch,elasticsearch cluster,14,10,2,20,10,7,110,0.7,1,0.09090909090909091,0.16666666666666669,7
mdb.elasticsearch,managed elastic,5,5,2,6,6,5,110,0.8333333333333334,0.8333333333333334,0.045454545454545456,0.08620689655172414,11
mdb.elasticsearch,доступ elasticsearch,10,7,2,12,7,6,110,0.8333333333333334,1,0.06363636363636363,0.11965811965811964,8
mdb.elasticsearch,кластер elasticsearch,22,14,2,33,17,13,110,0.6666666666666666,0.8235294117647058,0.12727272727272726,0.2204724409448819,5
mdb.elasticsearch,elasticsearch добрый,21,21,2,23,22,19,110,0.9130434782608695,0.9545454545454546,0.19090909090909092,0.3181818181818182,2
mdb.elasticsearch,guide elasticsearch,6,4,2,7,5,5,110,0.8571428571428571,0.8,0.03636363636363636,0.06956521739130435,19
mdb.elasticsearch,www elastic,7,5,2,9,7,6,110,0.7777777777777778,0.7142857142857143,0.045454545454545456,0.08547008547008549,14
mdb.elasticsearch,elasticsearch для,5,4,2,8,5,5,110,0.625,0.8,0.03636363636363636,0.06956521739130435,16
mdb.elasticsearch,managed elasticsearch,17,15,2,23,17,14,110,0.7391304347826086,0.8823529411764706,0.13636363636363635,0.23622047244094488,4
mdb.elasticsearch,elastic guide,7,5,2,9,7,6,110,0.7777777777777778,0.7142857142857143,0.045454545454545456,0.08547008547008549,15
mdb.elasticsearch,эластик,29,22,1,43,26,20,110,0.6744186046511628,0.8461538461538461,0.2,0.3235294117647059,1
mdb.kafka,kafkacat,13,11,1,18,13,10,133,0.7222222222222222,0.8461538461538461,0.08270676691729323,0.1506849315068493,11
mdb.kafka,кафка,62,40,1,101,55,38,133,0.6138613861386139,0.7272727272727273,0.3007518796992481,0.425531915,2
mdb.kafka,kafka добрый,29,29,2,39,33,27,133,0.7435897435897436,0.8787878787878788,0.21804511278195488,0.3493975903614458,3
mdb.kafka,managed kafka,38,23,2,55,27,22,133,0.6909090909090909,0.8518518518518519,0.17293233082706766,0.2875,5
mdb.kafka,кластер kafka,27,20,2,46,25,19,133,0.5869565217391305,0.8,0.15037593984962405,0.2531645569620253,6
mdb.kafka,kafka кластер,10,10,2,15,11,5,133,0.6666666666666666,0.9090909090909091,0.07518796992481203,0.13888888888888887,13
mdb.kafka,kafka cluster,21,15,2,29,16,9,133,0.7241379310344828,0.9375,0.11278195488721804,0.20134228187919465,7
mdb.kafka,apache kafka,20,14,2,28,17,15,133,0.7142857142857143,0.8235294117647058,0.10526315789473684,0.18666666666666665,9
mdb.mongodb,managed mongo,14,11,2,27,14,9,376,0.5185185185185185,0.7857142857142857,0.02925531914893617,0.05641025641025641,16
mdb.mongodb,mongodb,489,267,1,855,360,203,376,0.5719298245614035,0.7416666666666667,0.7101063829787234,0.7255434782608695,1
mdb.mongodb,mongo добрый,10,10,2,13,12,11,376,0.7692307692307693,0.8333333333333334,0.026595744680851064,0.051546391752577324,17
mdb.mongodb,монг,67,50,1,100,66,36,376,0.67,0.7575757575757576,0.13297872340425532,0.22624434389140272,4
mdb.mongodb,коллекция,24,20,1,40,24,17,376,0.6,0.8333333333333334,0.05319148936170213,0.09999999999999999,12
mdb.mongodb,монго,35,29,1,51,39,32,376,0.6862745098039216,0.7435897435897436,0.07712765957446809,0.1397590361445783,8
mdb.mysql,mysql добрый,109,109,2,159,135,101,833,0.6855345911949685,0.8074074074074075,0.13085234093637454,0.22520661157024793,2
mdb.mysql,server running with,30,25,3,34,26,23,833,0.8823529411764706,0.9615384615384616,0.030012004801920768,0.05820721769499418,17
mdb.mysql,mysql кластер,112,90,2,162,109,86,833,0.691358025,0.8256880733944955,0.10804321728691477,0.19108280254777069,5
mdb.mysql,the mysql,34,27,2,41,29,25,833,0.8292682926829268,0.9310344827586207,0.03241296518607443,0.06264501160092807,13
mdb.mysql,mdb mysql,65,52,2,93,56,24,833,0.6989247311827957,0.9285714285714286,0.062424969987995196,0.1169853768278965,9
mdb.mysql,mysql server,53,46,2,84,60,52,833,0.6309523809523809,0.7666666666666667,0.055222088835534214,0.10302351623740201,11
mdb.mysql,кластер mysql,192,157,2,294,200,145,833,0.6530612244897959,0.785,0.18847539015606243,0.30396902226524686,1
mdb.mysql,managed mysql,139,108,2,277,151,92,833,0.5018050541516246,0.7152317880794702,0.12965186074429771,0.21951219512195122,3
mdb.mysql,mysql cluster,51,47,2,98,62,42,833,0.5204081632653061,0.7580645161290323,0.056422569027611044,0.10502793296089385,10
mdb.mysql,innodb,40,26,1,63,31,27,833,0.6349206349206349,0.8387096774193549,0.031212484993997598,0.06018518518518518,14
mdb.mysql,for mysql,110,79,2,177,100,80,833,0.6214689265536724,0.79,0.09483793517406963,0.16934619506966778,6
mdb.mysql,mysql здравствуйте,76,76,2,109,92,67,833,0.6972477064220184,0.8260869565217391,0.09123649459783914,0.16432432432432434,7
mdb.postgresql,psql,100,65,1,170,86,79,1312,0.5882352941176471,0.7558139534883721,0.04954268292682927,0.09298998569384836,7
mdb.postgresql,mdb postgres,36,30,2,62,37,13,1312,0.5806451612903226,0.8108108108108109,0.022865853658536585,0.04447739065974796,19
mdb.postgresql,postgres добрый,50,50,2,83,63,51,1312,0.6024096385542169,0.7936507936507936,0.038109756097560975,0.07272727272727272,10
mdb.postgresql,pgsql,49,35,1,113,49,36,1312,0.4336283185840708,0.7142857142857143,0.026676829268292682,0.051432770022042607,15
mdb.postgresql,managed postgres,77,58,2,133,81,56,1312,0.5789473684210527,0.7160493827160493,0.04420731707317073,0.08327351040918879,9
mdb.postgresql,postgresql,1131,681,1,2029,951,575,1312,0.5574174470182356,0.7160883280757098,0.5190548780487805,0.6018559434379143,1
mdb.redis,redis cli,15,9,2,21,10,9,220,0.7142857142857143,0.9,0.04090909090909091,0.0782608695652174,14
mdb.redis,redis cluster,29,23,2,44,27,23,220,0.6590909090909091,0.8518518518518519,0.10454545454545454,0.1862348178137652,7
mdb.redis,подключение redis,9,8,2,14,8,8,220,0.6428571428571429,1,0.03636363636363636,0.07017543859649122,16
mdb.redis,managed redis,51,38,2,103,54,45,220,0.49514563106796117,0.7037037037037037,0.17272727272727273,0.2773722627737226,4
mdb.redis,redis добрый,37,37,2,50,43,35,220,0.74,0.8604651162790697,0.16818181818181818,0.28136882129277563,3
mdb.redis,redis здравствуйте,8,8,2,14,10,9,220,0.5714285714285714,0.8,0.03636363636363636,0.06956521739130435,17
mdb.redis,server available for,8,7,3,10,7,6,220,0.8,1,0.031818181818181815,0.06167400881057269,19
mdb.redis,кластер redis,60,48,2,90,56,44,220,0.6666666666666666,0.8571428571428571,0.21818181818181817,0.34782608695652173,2
mdb.redis,редис,97,57,1,201,78,59,220,0.48258706467661694,0.7307692307692307,0.2590909090909091,0.38255033557046975,1
mdb.redis,mdb redis,17,12,2,30,14,10,220,0.5666666666666667,0.8571428571428571,0.05454545454545454,0.10256410256410256,13
mdb.redis,for redis,17,15,2,30,20,20,220,0.5666666666666667,0.75,0.06818181818181818,0.125,10
mdb.redis,redis кластер,16,15,2,27,21,21,220,0.5925925925925926,0.7142857142857143,0.06818181818181818,0.12448132780082985,11
mdb.redis,sentinel,54,24,1,64,27,25,220,0.84375,0.8888888888888888,0.10909090909090909,0.194331984,6
mdb.sqlserver,managed sql,8,6,2,11,6,6,44,0.7272727272727273,1,0.13636363636363635,0.24000000000000002,2
ml platform,datasphere,269,177,1,399,196,139,397,0.6741854636591479,0.9030612244897959,0.44584382871536526,0.5969645868465431,1
ml platform,ipynb,18,13,1,22,15,14,397,0.8181818181818182,0.8666666666666667,0.0327455919395466,0.06310679611650485,19
ml platform,создать проект,15,12,2,30,16,16,397,0.5,0.75,0.030226700251889168,0.05811138014527845,20
ml platform,ячейка,108,71,1,130,81,57,397,0.8307692307692308,0.8765432098765432,0.17884130982367757,0.29707113,4
ml platform,doorman,36,25,1,38,26,17,397,0.9473684210526315,0.9615384615384616,0.06297229219143577,0.1182033096926714,13
ml platform,projecturi,90,90,1,98,92,63,397,0.9183673469387755,0.9782608695652174,0.22670025188916876,0.3680981595092025,3
ml platform,tensorflow,42,19,1,58,25,22,397,0.7241379310344828,0.76,0.04785894206549118,0.09004739336492892,17
ml platform,notebook,24,20,1,39,28,26,397,0.6153846153846154,0.7142857142857143,0.05037783375314862,0.09411764705882353,16
ml platform,notebookid,90,90,1,98,92,63,397,0.9183673469387755,0.9782608695652174,0.22670025188916876,0.3680981595092025,2
ml platform,yds,40,28,1,44,30,20,397,0.9090909090909091,0.9333333333333333,0.07052896725440806,0.13114754098360656,10
monitoring,alerts count повысить,13,13,3,51,18,15,403,0.2549019607843137,0.7222222222222222,0.03225806451612903,0.06175771971496437,12
monitoring,fromtime totime,8,8,2,12,8,7,403,0.6666666666666666,1,0.019851116625310174,0.038929440389294405,20
monitoring,docs monitoring,11,10,2,21,14,12,403,0.5238095238095238,0.7142857142857143,0.02481389578163772,0.047961630695443645,18
monitoring,https monitoring,28,25,2,60,34,32,403,0.4666666666666667,0.7352941176470589,0.062034739454094295,0.11441647597254004,5
monitoring,yandex monitoring,28,23,2,58,31,29,403,0.4827586206896552,0.7419354838709677,0.05707196029776675,0.10599078341013823,6
monitoring,monitoring api,33,25,2,58,31,27,403,0.5689655172413793,0.8064516129032258,0.062034739454094295,0.1152073732718894,3
monitoring,алерот monitoring,13,13,2,51,18,15,403,0.2549019607843137,0.7222222222222222,0.03225806451612903,0.06175771971496437,11
monitoring,net monitoring,16,16,2,26,17,16,403,0.6153846153846154,0.9411764705882353,0.03970223325062035,0.07619047619047618,8
monitoring,мониторинг добрый,31,31,2,58,41,38,403,0.5344827586206896,0.7560975609756098,0.07692307692307693,0.13963963963963966,1
opstasks,документ добрый,122,122,2,195,168,145,1263,0.6256410256410256,0.7261904761904762,0.09659540775930324,0.1705101327742837,6
opstasks,сверка,630,322,1,720,345,245,1263,0.875,0.9333333333333333,0.25494853523357086,0.40049751243781095,2
opstasks,диадок,68,56,1,87,67,61,1263,0.7816091954022989,0.835820896,0.04433887569279493,0.08421052631578947,20
opstasks,акт,932,492,1,1206,575,413,1263,0.7728026533996684,0.8556521739130435,0.38954869358669836,0.5353645266594124,1
opstasks,эдо,139,90,1,175,101,92,1263,0.7942857142857143,0.8910891089108911,0.07125890736342043,0.13196480938416424,14
partner,https partners,33,24,2,78,32,16,248,0.4230769230769231,0.75,0.0967741935483871,0.1714285714285714,5
partner,partners cloud,41,28,2,93,36,19,248,0.44086021505376344,0.7777777777777778,0.11290322580645161,0.19718309859154928,4
partner,партнёр добрый,8,8,2,13,10,9,248,0.6153846153846154,0.8,0.03225806451612903,0.06201550387596899,14
partner,через партнёр,6,6,2,12,7,5,248,0.5,0.8571428571428571,0.024193548387096774,0.047058823529411764,20
partner,партнёрский,188,122,1,361,161,112,248,0.5207756232686981,0.7577639751552795,0.49193548387096775,0.5965770171149144,1
s3,bucket,461,242,1,743,306,268,2529,0.620457604,0.7908496732026143,0.09568999604586793,0.17072310405643737,5
s3,загрузка файл,110,93,2,182,127,122,2529,0.6043956043956044,0.7322834645669292,0.036773428232502965,0.07003012048192771,16
s3,storage здравствуйте,123,123,2,162,129,111,2529,0.7592592592592593,0.9534883720930233,0.04863582443653618,0.09255079006772009,10
s3,бакета,1746,903,1,2517,1048,799,2529,0.6936829558998808,0.8616412213740458,0.3570581257413998,0.5048923679060666,3
s3,бакетовый,204,175,1,481,242,194,2529,0.42411642411642414,0.7231404958677686,0.06919731119019375,0.1263081919884518,6
s3,docs storage,74,69,2,112,77,71,2529,0.6607142857142857,0.8961038961038961,0.027283511269276393,0.05295471987720644,20
s3,storage добрый,163,163,2,221,169,141,2529,0.7375565610859729,0.9644970414201184,0.06445235270858046,0.12083024462564862,7
s3,object storage,1513,1047,1,3029,1465,1040,2529,0.49950478705843515,0.7146757679180887,0.4139976275207592,0.5242864296444667,1
security,pci dss,11,5,2,19,6,6,219,0.5789473684210527,0.8333333333333334,0.0228310502283105,0.04444444444444444,2
security,dss добрый,4,4,2,8,5,5,219,0.5,0.8,0.0182648401826484,0.03571428571428571,7
serverless,облачный функция,99,63,2,157,78,62,818,0.6305732484076433,0.8076923076923077,0.07701711491442542,0.140625,5
serverless,функция добрый,52,52,2,81,59,48,818,0.6419753086419753,0.8813559322033898,0.06356968215158924,0.11858608893956671,7
serverless,cloud functions,587,376,1,1132,517,356,818,0.5185512367491166,0.7272727272727273,0.45965770171149145,0.5632958801498128,1
serverless,яндекс функция,50,35,2,75,45,33,818,0.6666666666666666,0.7777777777777778,0.042787286063569685,0.08111239860950174,16
serverless,cloud function,440,200,1,763,280,212,818,0.5766710353866317,0.7142857142857143,0.24449877750611246,0.36429872495446264,2
speechkit,speechkit,904,565,1,1243,613,531,1417,0.7272727272727273,0.9216965742251223,0.3987297106563162,0.5566502463054187,1
speechkit,stt,244,169,1,298,178,149,1417,0.8187919463087249,0.949438202,0.11926605504587157,0.2119122257053292,9
speechkit,аудио,336,226,1,542,245,207,1417,0.6199261992619927,0.9224489795918367,0.15949188426252647,0.27196149217809873,5
speechkit,голос,318,195,1,398,211,183,1417,0.7989949748743719,0.9241706161137441,0.13761467889908258,0.2395577395577396,7
speechkit,синтез,360,225,1,483,247,203,1417,0.7453416149068323,0.9109311740890689,0.1587861679604799,0.27043269230769235,6
speechkit,tts,245,133,1,311,143,124,1417,0.7877813504823151,0.9300699300699301,0.09386026817219478,0.17051282051282052,12
speechkit,распознавание,734,430,1,928,489,343,1417,0.790948276,0.8793456032719836,0.30345800988002825,0.4512067156348374,2
speechkit,речь,589,406,1,899,528,459,1417,0.6551724137931034,0.7689393939393939,0.2865208186309104,0.4174807197943445,3
speechkit,длинный,141,109,1,239,144,129,1417,0.5899581589958159,0.7569444444444444,0.07692307692307693,0.139654068,16
speechkit,распознать,125,93,1,158,109,99,1417,0.7911392405063291,0.8532110091743119,0.06563161609033169,0.12188728702490172,20
speechkit,speech,388,279,1,510,308,254,1417,0.7607843137254902,0.9058441558441559,0.19689484827099507,0.3234782608695652,4
speechkit,ogg,191,127,1,221,132,118,1417,0.8642533936651584,0.9621212121212122,0.08962597035991532,0.16397675919948354,13
terraform,terraform здравствуйте,30,30,2,70,38,33,434,0.42857142857142855,0.7894736842105263,0.06912442396313365,0.1271186440677966,7
terraform,www terraform,29,29,2,61,36,29,434,0.47540983606557374,0.8055555555555556,0.06682027649769585,0.12340425531914895,11
terraform,resource yandex,141,78,2,355,111,84,434,0.3971830985915493,0.7027027027027027,0.17972350230414746,0.28623853211009176,1
terraform,terraform apply,19,18,2,39,24,22,434,0.48717948717948717,0.75,0.041474654377880185,0.07860262008733625,20
terraform,yandex compute instance,100,53,3,240,69,56,434,0.4166666666666667,0.7681159420289855,0.12211981566820276,0.21073558648111332,2
terraform,terraform docs,29,29,2,61,36,29,434,0.47540983606557374,0.8055555555555556,0.06682027649769585,0.12340425531914895,10
terraform,terraform добрый,43,43,2,97,52,43,434,0.44329896907216493,0.8269230769230769,0.09907834101382489,0.17695473251028807,4
terraform,docs providers,29,29,2,61,36,29,434,0.47540983606557374,0.8055555555555556,0.06682027649769585,0.12340425531914895,14
terraform,providers yandex,50,48,2,117,65,51,434,0.42735042735042733,0.7384615384615385,0.11059907834101383,0.19238476953907818,3
tracker,tracker,45,26,1,63,34,31,130,0.7142857142857143,0.7647058823529411,0.2,0.3170731707317074,2
tracker,трекер,111,59,1,124,65,58,130,0.8951612903225806,0.9076923076923077,0.45384615384615384,0.6051282051282051,1
translate,translate добрый,23,23,2,35,25,23,315,0.6571428571428571,0.92,0.07301587301587302,0.13529411764705884,13
translate,переводчик,181,109,1,267,130,125,315,0.6779026217228464,0.8384615384615385,0.346031746,0.48988764044943817,1
translate,api translate,26,20,2,48,22,21,315,0.5416666666666666,0.9090909090909091,0.06349206349206349,0.11869436201780414,17
translate,net translate,36,29,2,56,32,32,315,0.6428571428571429,0.90625,0.09206349206349207,0.1671469740634006,7
translate,targetlanguagecode,16,16,1,22,17,17,315,0.7272727272727273,0.9411764705882353,0.050793650793650794,0.09638554216867469,19
translate,translate translate,33,28,2,54,32,32,315,0.6111111111111112,0.875,0.08888888888888889,0.16138328530259366,12
translate,translate api,108,69,2,175,79,75,315,0.6171428571428571,0.8734177215189873,0.21904761904761905,0.350253807,3
translate,https translate,53,43,2,77,46,45,315,0.6883116883116883,0.9347826086956522,0.1365079365079365,0.2382271468144044,4
translate,translate yandex,27,23,2,37,25,23,315,0.7297297297297297,0.92,0.07301587301587302,0.13529411764705884,15
translate,yandex translate,115,77,2,190,85,79,315,0.6052631578947368,0.9058823529411765,0.24444444444444444,0.385,2
translate,для перевод,32,29,2,74,40,40,315,0.43243243243243246,0.725,0.09206349206349207,0.16338028169014085,10
vision,vision,83,50,1,127,60,58,69,0.6535433070866141,0.8333333333333334,0.7246376811594203,0.7751937984496124,1
vision,ocr,13,10,1,15,11,11,69,0.8666666666666667,0.9090909090909091,0.14492753623188406,0.25,4
vision,batchanalyze,10,9,1,15,9,9,69,0.6666666666666666,1,0.13043478260869565,0.23076923076923078,5
vision,текст картинка,6,6,2,9,6,6,69,0.6666666666666666,1,0.08695652173913043,0.16,18
vision,detection,9,7,1,16,9,9,69,0.5625,0.7777777777777778,0.10144927536231885,0.1794871794871795,16
vpc,vpc external,123,106,2,344,137,102,6814,0.35755813953488375,0.7737226277372263,0.015556207807455239,0.030499208746942886,12
vpc,порт для,146,128,2,196,152,136,6814,0.7448979591836735,0.8421052631578947,0.018784854710889344,0.036749928222796435,9
vpc,ddos,195,107,1,358,135,116,6814,0.5446927374301676,0.7925925925925926,0.015702964484884063,0.030795797956540513,11
vpc,открыть порт,186,144,2,260,176,165,6814,0.7153846153846154,0.8181818181818182,0.021132961549750515,0.041201716738197426,5
vpc,порт добрый,133,133,2,174,148,133,6814,0.764367816,0.8986486486486487,0.01951863809803346,0.03820741166331514,7
vpc,smtp,267,149,1,336,157,147,6814,0.7946428571428571,0.9490445859872612,0.02186674493689463,0.04274852962272271,4
vpc,почтовый сервер,117,87,2,143,92,85,6814,0.8181818181818182,0.9456521739130435,0.012767830936307602,0.02519548218940052,18
vpc,статический адрес,296,222,2,707,314,280,6814,0.4186704384724187,0.7070063694267515,0.03257998238919871,0.0622895622895623,2
vpc.security groups,создание группа безопасность,4,4,3,7,5,5,123,0.5714285714285714,0.8,0.032520325203252036,0.06250000000000001,13
vpc.security groups,concepts security,5,5,2,7,6,5,123,0.7142857142857143,0.8333333333333334,0.04065040650406504,0.07751937984496124,10
vpc.security groups,security groups добрый,6,6,3,9,8,7,123,0.6666666666666666,0.75,0.04878048780487805,0.09160305343511452,6
ydb,docs ydb,14,14,2,29,17,15,132,0.4827586206896552,0.8235294117647058,0.10606060606060606,0.18791946308724833,6
ydb,kikimr,11,6,1,17,6,6,132,0.6470588235294118,1,0.045454545454545456,0.08695652173913045,9
ydb,serverless yandexcloud,23,18,2,37,19,18,132,0.6216216216216216,0.9473684210526315,0.13636363636363635,0.23841059602649003,2
ydb,ydb через,6,6,2,7,6,6,132,0.8571428571428571,1,0.045454545454545456,0.08695652173913045,13
ydb,ydb cli,8,6,2,11,6,6,132,0.7272727272727273,1,0.045454545454545456,0.08695652173913045,10
ydb,ydb sdk,9,6,2,16,8,7,132,0.5625,0.75,0.045454545454545456,0.08571428571428572,15
ydb,endpoint ydb,6,5,2,8,5,5,132,0.75,1,0.03787878787878788,0.07299270072992702,16
ydb,ydb serverless,25,18,2,40,19,16,132,0.625,0.9473684210526315,0.13636363636363635,0.23841059602649003,3
ydb,cloud ydb,7,6,2,9,6,6,132,0.7777777777777778,1,0.045454545454545456,0.08695652173913045,12
ydb,ydb добрый,6,6,2,8,6,6,132,0.75,1,0.045454545454545456,0.08695652173913045,14
ydb,работать ydb,5,5,2,6,5,5,132,0.8333333333333334,1,0.03787878787878788,0.07299270072992702,20
ymq,https message,25,18,2,38,19,17,155,0.6578947368421053,0.9473684210526315,0.11612903225806452,0.20689655172413793,10
ymq,queue добрый,22,22,2,39,24,22,155,0.5641025641025641,0.9166666666666666,0.14193548387096774,0.24581005586592178,6
ymq,sqs,38,23,1,72,29,26,155,0.5277777777777778,0.7931034482758621,0.14838709677419354,0.24999999999999997,5
ymq,yandex message,23,14,2,41,20,19,155,0.5609756097560976,0.7,0.09032258064516129,0.15999999999999998,15
ymq,количество очередь,22,17,2,41,17,14,155,0.5365853658536586,1,0.10967741935483871,0.19767441860465118,12
ymq,message queue,136,82,2,241,99,75,155,0.5643153526970954,0.8282828282828283,0.5290322580645161,0.6456692913385826,1
ymq,queue api,33,23,2,69,27,23,155,0.4782608695652174,0.8518518518518519,0.14838709677419354,0.2527472527472527,4
ymq,ymq,28,12,1,50,16,16,155,0.56,0.75,0.07741935483870968,0.14035087719298248,20
ymq,docs message,12,12,2,15,12,12,155,0.8,1,0.07741935483870968,0.14371257485029942,17
Линия 2,failed run,4,4,2,9,5,5,847,0.4444444444444444,0.8,0.004722550177095631,0.009389671361502348,9
Линия 2,failedcreatepodsandbox,6,6,1,13,7,7,847,0.46153846153846156,0.8571428571428571,0.0070838252656434475,0.01405152224824356,4
Линия 2,selflink,4,4,1,11,5,5,847,0.36363636363636365,0.8,0.004722550177095631,0.009389671361502348,10
Линия 2,sandbox container,7,5,2,15,6,6,847,0.4666666666666667,0.8333333333333334,0.0059031877213695395,0.011723329425556858,5
Линия 2,projectcalico,5,4,1,11,5,5,847,0.45454545454545453,0.8,0.004722550177095631,0.009389671361502348,12
квоты,объём,8142,6714,1,14272,7047,3050,17709,0.5704876681614349,0.9527458492975734,0.37912925631035066,0.5424139602520601,17
квоты,количество,11503,8136,1,21880,8703,3830,17709,0.5257312614259598,0.9348500517063082,0.4594274097916314,0.6160835983643799,14
квоты,compute,21976,9693,1,37110,10738,4370,17709,0.5921853947722986,0.9026820636990128,0.547348806,0.6814778359756741,9
квоты,повысить,17411,12037,1,29480,12065,4300,17709,0.5906037991858888,0.9976792374637381,0.6797108814726975,0.8085578021092228,5
квоты,квота,18825,15581,1,33202,15948,5521,17709,0.5669839166315283,0.9769877100576875,0.8798351120898978,0.9258698042012063,1
квоты,size,8984,7477,1,15657,7706,3245,17709,0.5738008558472248,0.9702828964443291,0.4222146930939071,0.5883926814873107,15
квоты,count,12370,8754,1,22567,8829,3714,17709,0.5481455222227146,0.9915052667346246,0.4943249195324411,0.6597332127515261,10
квоты,поднять,12312,12243,1,19527,12523,4519,17709,0.6305115993240129,0.9776411403018446,0.6913433847196341,0.8099364911352208,4
рассылки,отписаться весь,7,4,2,10,5,5,65,0.7,0.8,0.06153846153846154,0.1142857142857143,2
рассылки,весь рассылка,9,7,2,16,9,9,65,0.5625,0.7777777777777778,0.1076923076923077,0.18918918918918923,1